item_id,toxicity
cc-val-003997,0.000000
cc-val-045312,0.600000
cc-val-076939,0.400000
cc-val-012212,0.000000
cc-val-093351,0.000000
cc-val-043877,0.000000
cc-val-073272,0.000000
cc-val-072573,0.400000
cc-val-074722,0.400000
cc-val-039283,0.000000
cc-val-019439,0.000000
cc-val-008621,0.000000
cc-val-069589,0.000000
cc-val-093995,0.000000
cc-val-090919,0.000000
cc-val-086078,0.100000
cc-val-074034,0.000000
cc-val-041204,0.000000
cc-val-008535,0.000000
cc-val-033900,0.000000
cc-val-066252,0.000000
cc-val-036512,0.000000
cc-val-054523,0.703125
cc-val-027758,0.000000
cc-val-039444,0.000000
cc-val-044822,0.166667
cc-val-020570,0.000000
cc-val-076876,0.000000
cc-val-066499,0.000000
cc-val-082593,0.000000
cc-val-000167,0.000000
cc-val-052662,0.000000
cc-val-055795,0.000000
cc-val-071562,0.000000
cc-val-090835,0.000000
cc-val-006062,0.000000
cc-val-032968,0.000000
cc-val-003314,0.000000
cc-val-016989,0.000000
cc-val-023523,0.000000
cc-val-086064,0.000000
cc-val-035696,0.000000
cc-val-093003,0.000000
cc-val-059938,0.000000
cc-val-055062,0.000000
cc-val-072919,0.166667
cc-val-083958,0.166667
cc-val-049335,0.000000
cc-val-058113,0.000000
cc-val-036054,0.166667
cc-val-027431,0.200000
cc-val-012920,0.000000
cc-val-027544,1.000000
cc-val-087678,0.000000
cc-val-011047,0.200000
cc-val-077666,0.000000
cc-val-003780,0.000000
cc-val-085800,0.300000
cc-val-088979,0.000000
cc-val-091586,0.000000
cc-val-079871,0.600000
cc-val-057157,0.000000
cc-val-051429,0.000000
cc-val-024666,0.100000
cc-val-066474,0.000000
cc-val-088566,0.300000
cc-val-073865,0.000000
cc-val-044763,0.300000
cc-val-013076,0.000000
cc-val-053979,0.000000
cc-val-081509,0.000000
cc-val-077092,0.000000
cc-val-069191,0.000000
cc-val-058083,0.000000
cc-val-039066,0.000000
cc-val-078000,0.000000
cc-val-076100,0.000000
cc-val-062754,0.000000
cc-val-039905,0.000000
cc-val-075578,0.685185
cc-val-012258,0.000000
cc-val-063236,0.000000
cc-val-010485,0.200000
cc-val-071249,0.000000
cc-val-044212,0.166667
cc-val-074593,0.000000
cc-val-028848,0.700000
cc-val-024168,0.000000
cc-val-066254,0.000000
cc-val-089612,0.000000
cc-val-071227,0.166667
cc-val-040918,0.000000
cc-val-028982,0.000000
cc-val-082690,0.000000
cc-val-008641,0.000000
cc-val-080268,0.000000
cc-val-040295,0.000000
cc-val-039229,0.000000
cc-val-022272,0.000000
cc-val-083078,0.300000
cc-val-071750,0.166667
cc-val-073697,0.000000
cc-val-009616,0.000000
cc-val-024635,0.000000
cc-val-044155,0.000000
cc-val-052833,0.000000
cc-val-003230,0.703704
cc-val-041665,0.000000
cc-val-042392,0.000000
cc-val-078667,0.000000
cc-val-019017,0.000000
cc-val-065285,0.400000
cc-val-043544,0.500000
cc-val-052843,0.000000
cc-val-065697,0.800000
cc-val-021535,0.000000
cc-val-006365,0.000000
cc-val-015434,0.000000
cc-val-021665,0.000000
cc-val-071162,0.512500
cc-val-069932,0.000000
cc-val-092950,0.000000
cc-val-097091,0.000000
cc-val-071963,0.000000
cc-val-050075,0.000000
cc-val-022312,0.000000
cc-val-010840,0.000000
cc-val-055041,0.000000
cc-val-021010,0.000000
cc-val-035792,0.776119
cc-val-050483,0.000000
cc-val-091839,0.000000
cc-val-057102,0.000000
cc-val-097055,0.000000
cc-val-027891,0.200000
cc-val-032415,0.000000
cc-val-018044,0.000000
cc-val-047710,0.000000
cc-val-025487,0.000000
cc-val-044509,0.600000
cc-val-094871,0.000000
cc-val-011589,0.833333
cc-val-036412,0.500000
cc-val-034806,0.000000
cc-val-043551,0.000000
cc-val-041652,0.000000
cc-val-023827,0.000000
cc-val-053005,0.400000
cc-val-071895,0.000000
cc-val-025792,0.166667
cc-val-066991,0.000000
cc-val-052828,0.000000
cc-val-023733,0.000000
cc-val-019267,0.833333
cc-val-066075,0.000000
cc-val-040603,0.533333
cc-val-061664,0.000000
cc-val-038083,0.200000
cc-val-052778,0.000000
cc-val-046591,0.166667
cc-val-041033,0.000000
cc-val-084874,0.500000
cc-val-016940,0.000000
cc-val-045345,0.000000
cc-val-054586,0.000000
cc-val-044718,0.000000
cc-val-094144,0.000000
cc-val-008867,0.400000
cc-val-067715,0.000000
cc-val-024827,0.000000
cc-val-047503,0.857143
cc-val-047898,0.200000
cc-val-056310,0.166667
cc-val-047792,0.000000
cc-val-034768,0.000000
cc-val-090069,0.000000
cc-val-069119,0.166667
cc-val-007046,0.200000
cc-val-061914,0.400000
cc-val-062678,0.000000
cc-val-000962,0.200000
cc-val-068142,0.200000
cc-val-080514,0.000000
cc-val-076699,0.000000
cc-val-048489,0.000000
cc-val-016602,0.000000
cc-val-011054,0.166667
cc-val-057322,0.000000
cc-val-048277,0.000000
cc-val-009102,0.300000
cc-val-048649,0.000000
cc-val-071603,0.200000
cc-val-082520,0.000000
cc-val-026543,0.000000
cc-val-080065,0.000000
cc-val-032405,0.000000
cc-val-085438,0.000000
cc-val-013210,0.000000
cc-val-042055,0.000000
cc-val-034077,0.833333
cc-val-031079,0.200000
cc-val-067690,0.000000
cc-val-087999,0.000000
cc-val-067429,0.000000
cc-val-011653,0.000000
cc-val-026867,0.000000
cc-val-073197,0.200000
cc-val-026118,0.200000
cc-val-013434,0.000000
cc-val-055728,0.166667
cc-val-060604,0.000000
cc-val-038928,0.000000
cc-val-086027,0.000000
cc-val-005744,0.200000
cc-val-034834,0.000000
cc-val-043606,0.000000
cc-val-029835,0.000000
cc-val-019100,0.000000
cc-val-064324,0.000000
cc-val-078560,0.000000
cc-val-082049,0.000000
cc-val-073411,0.000000
cc-val-036851,0.000000
cc-val-046587,0.000000
cc-val-044451,0.450000
cc-val-095851,0.000000
cc-val-065247,0.000000
cc-val-035086,0.400000
cc-val-082039,0.000000
cc-val-030468,0.000000
cc-val-022243,0.300000
cc-val-008347,0.166667
cc-val-034119,0.000000
cc-val-085667,0.000000
cc-val-008489,0.000000
cc-val-086992,0.200000
cc-val-084936,0.000000
cc-val-068621,0.000000
cc-val-092891,0.000000
cc-val-052850,0.000000
cc-val-048405,0.000000
cc-val-004162,0.000000
cc-val-051140,0.000000
cc-val-073801,0.000000
cc-val-027730,0.000000
cc-val-048259,0.000000
cc-val-017722,0.000000
cc-val-096752,0.000000
cc-val-078245,0.228070
cc-val-059709,0.000000
cc-val-016671,0.000000
cc-val-016405,0.000000
cc-val-026531,0.000000
cc-val-016604,0.000000
cc-val-073444,0.000000
cc-val-033770,0.000000
cc-val-002525,0.500000
cc-val-085353,0.166667
cc-val-096020,0.000000
cc-val-065097,0.000000
cc-val-042231,0.166667
cc-val-055587,0.200000
cc-val-023356,0.000000
cc-val-028197,0.000000
cc-val-043602,0.000000
cc-val-038613,0.200000
cc-val-071612,0.000000
cc-val-035269,0.000000
cc-val-080005,0.000000
cc-val-044526,0.000000
cc-val-003885,0.500000
cc-val-033831,0.000000
cc-val-043205,0.000000
cc-val-079497,0.000000
cc-val-071268,0.000000
cc-val-066543,0.400000
cc-val-018498,0.000000
cc-val-072622,0.000000
cc-val-006021,0.166667
cc-val-041726,0.000000
cc-val-062610,0.000000
cc-val-063822,0.000000
cc-val-051575,0.000000
cc-val-005499,0.000000
cc-val-069182,0.200000
cc-val-091245,0.000000
cc-val-096593,0.000000
cc-val-001160,0.200000
cc-val-090742,0.000000
cc-val-019229,0.000000
cc-val-007211,0.000000
cc-val-069785,0.300000
cc-val-087289,0.000000
cc-val-087762,0.000000
cc-val-096933,0.000000
cc-val-047992,0.000000
cc-val-023963,0.166667
cc-val-030813,0.000000
cc-val-028708,0.000000
cc-val-080638,0.000000
cc-val-086692,0.166667
cc-val-063207,0.000000
cc-val-064995,0.000000
cc-val-090849,0.000000
cc-val-052134,0.000000
cc-val-034268,0.000000
cc-val-024122,0.000000
cc-val-091705,0.000000
cc-val-012542,0.000000
cc-val-090810,0.000000
cc-val-032887,0.000000
cc-val-007666,0.000000
cc-val-027429,0.000000
cc-val-030276,0.400000
cc-val-090120,0.000000
cc-val-004781,0.700000
cc-val-007682,0.432432
cc-val-077867,0.000000
cc-val-027038,0.000000
cc-val-056667,0.000000
cc-val-048350,0.000000
cc-val-062864,0.000000
cc-val-008689,0.000000
cc-val-062638,0.000000
cc-val-014260,0.000000
cc-val-048077,0.696970
cc-val-086592,0.000000
cc-val-067174,0.000000
cc-val-071801,0.000000
cc-val-072737,0.000000
cc-val-065743,0.000000
cc-val-057961,0.000000
cc-val-063859,0.500000
cc-val-022398,0.000000
cc-val-045814,0.000000
cc-val-033000,0.400000
cc-val-071875,0.400000
cc-val-038657,0.000000
cc-val-008843,0.142857
cc-val-026783,0.000000
cc-val-075673,0.000000
cc-val-080357,0.000000
cc-val-040104,0.000000
cc-val-065634,0.000000
cc-val-054085,0.000000
cc-val-034369,0.000000
cc-val-005042,0.000000
cc-val-086557,0.000000
cc-val-094143,0.000000
cc-val-011356,0.000000
cc-val-024247,0.200000
cc-val-021213,0.000000
cc-val-006830,0.000000
cc-val-084941,0.600000
cc-val-021387,0.166667
cc-val-054108,0.142857
cc-val-036888,0.000000
cc-val-024604,0.000000
cc-val-003064,0.000000
cc-val-008026,0.000000
cc-val-041196,0.000000
cc-val-049973,0.531250
cc-val-053891,0.000000
cc-val-060512,0.000000
cc-val-068688,0.000000
cc-val-090396,0.300000
cc-val-080003,0.000000
cc-val-010506,0.000000
cc-val-016921,0.500000
cc-val-073604,0.000000
cc-val-085008,0.000000
cc-val-018086,0.000000
cc-val-040355,0.500000
cc-val-076652,0.000000
cc-val-005600,0.166667
cc-val-014810,0.803279
cc-val-026417,0.000000
cc-val-031295,0.000000
cc-val-026766,0.000000
cc-val-035176,0.000000
cc-val-089941,0.000000
cc-val-046283,0.300000
cc-val-049211,0.000000
cc-val-063537,0.000000
cc-val-005954,0.000000
cc-val-092413,0.000000
cc-val-046979,0.000000
cc-val-097294,0.000000
cc-val-008664,0.000000
cc-val-066348,0.000000
cc-val-017264,0.000000
cc-val-068637,0.000000
cc-val-038948,0.000000
cc-val-078895,0.000000
cc-val-058101,0.166667
cc-val-052025,0.000000
cc-val-010640,0.166667
cc-val-012483,0.000000
cc-val-020876,0.000000
cc-val-020739,0.000000
cc-val-043953,0.000000
cc-val-095579,0.000000
cc-val-078370,0.000000
cc-val-060419,0.000000
cc-val-039123,0.000000
cc-val-053651,0.000000
cc-val-060395,0.000000
cc-val-018914,0.200000
cc-val-081131,0.000000
cc-val-045946,0.000000
cc-val-002712,0.254545
cc-val-082350,0.000000
cc-val-086663,0.000000
cc-val-004528,0.000000
cc-val-093392,0.000000
cc-val-062961,0.000000
cc-val-045425,0.000000
cc-val-074346,0.000000
cc-val-023947,0.200000
cc-val-067345,0.000000
cc-val-042902,0.000000
cc-val-066149,0.000000
cc-val-075654,0.000000
cc-val-003311,0.000000
cc-val-052931,0.166667
cc-val-008434,0.000000
cc-val-053521,0.000000
cc-val-072786,0.000000
cc-val-092807,0.700000
cc-val-032663,0.000000
cc-val-058789,0.000000
cc-val-074488,0.000000
cc-val-004288,0.000000
cc-val-050803,0.200000
cc-val-064658,0.200000
cc-val-087184,0.000000
cc-val-073499,0.000000
cc-val-086995,0.000000
cc-val-043101,0.200000
cc-val-077658,0.000000
cc-val-078262,0.000000
cc-val-086813,0.000000
cc-val-066935,0.166667
cc-val-095931,0.000000
cc-val-097030,0.000000
cc-val-073085,0.200000
cc-val-011905,0.000000
cc-val-057264,0.000000
cc-val-081785,0.000000
cc-val-021033,0.000000
cc-val-090952,0.000000
cc-val-071081,0.200000
cc-val-046347,0.000000
cc-val-065161,0.300000
cc-val-061476,0.500000
cc-val-080696,0.000000
cc-val-036472,0.000000
cc-val-065275,0.000000
cc-val-051442,0.000000
cc-val-054482,0.000000
cc-val-061056,0.000000
cc-val-089142,0.000000
cc-val-036761,0.000000
cc-val-004514,0.000000
cc-val-082068,0.000000
cc-val-032248,0.000000
cc-val-021012,0.000000
cc-val-003303,0.000000
cc-val-051229,0.000000
cc-val-014064,0.000000
cc-val-072187,0.000000
cc-val-056475,0.000000
cc-val-028496,0.000000
cc-val-006223,0.000000
cc-val-078383,0.000000
cc-val-027731,0.000000
cc-val-076488,0.166667
cc-val-009384,0.000000
cc-val-007159,0.000000
cc-val-042616,0.500000
cc-val-054166,0.166667
cc-val-083735,0.000000
cc-val-080500,0.166667
cc-val-051365,0.200000
cc-val-003599,0.300000
cc-val-056626,0.166667
cc-val-010705,0.166667
cc-val-058156,0.000000
cc-val-073525,0.000000
cc-val-071060,0.000000
cc-val-093769,0.000000
cc-val-032004,0.000000
cc-val-013001,0.000000
cc-val-041258,0.000000
cc-val-057237,0.000000
cc-val-054011,0.000000
cc-val-027608,0.800000
cc-val-035219,0.000000
cc-val-081226,0.462500
cc-val-035408,0.000000
cc-val-056594,0.000000
cc-val-067584,0.400000
cc-val-058323,0.000000
cc-val-090341,0.000000
cc-val-030076,0.000000
cc-val-074048,0.000000
cc-val-013920,0.000000
cc-val-066623,0.166667
cc-val-033792,0.000000
cc-val-092288,0.000000
cc-val-016423,0.000000
cc-val-064235,0.000000
cc-val-033397,0.166667
cc-val-010152,0.000000
cc-val-003080,0.767857
cc-val-071897,0.000000
cc-val-039804,0.166667
cc-val-088123,0.800000
cc-val-096040,0.300000
cc-val-021818,0.000000
cc-val-086352,0.300000
cc-val-090268,0.000000
cc-val-033051,0.000000
cc-val-060588,0.000000
cc-val-094181,0.200000
cc-val-035456,0.000000
cc-val-020853,0.000000
cc-val-088772,0.166667
cc-val-080522,0.000000
cc-val-006295,0.166667
cc-val-080411,0.000000
cc-val-077453,0.000000
cc-val-057957,0.000000
cc-val-073987,0.000000
cc-val-018567,0.000000
cc-val-085950,0.500000
cc-val-020131,0.000000
cc-val-093275,0.142857
cc-val-080962,0.000000
cc-val-036416,0.100000
cc-val-090435,0.000000
cc-val-058686,0.000000
cc-val-056833,0.000000
cc-val-055877,0.000000
cc-val-049359,0.000000
cc-val-055355,0.000000
cc-val-088344,0.400000
cc-val-007978,0.000000
cc-val-035475,0.000000
cc-val-000316,0.000000
cc-val-003386,0.000000
cc-val-045392,0.000000
cc-val-083602,0.000000
cc-val-002287,0.166667
cc-val-070780,0.000000
cc-val-036659,0.000000
cc-val-011929,0.000000
cc-val-067572,0.000000
cc-val-085942,0.000000
cc-val-071850,0.300000
cc-val-013680,0.400000
cc-val-046594,0.000000
cc-val-073050,0.000000
cc-val-081154,0.000000
cc-val-055860,0.400000
cc-val-026740,0.000000
cc-val-079556,0.000000
cc-val-031146,0.166667
cc-val-011659,0.000000
cc-val-027052,0.000000
cc-val-097036,0.000000
cc-val-088859,0.300000
cc-val-027804,0.000000
cc-val-089601,0.000000
cc-val-088883,0.000000
cc-val-034710,0.166667
cc-val-056117,0.000000
cc-val-020859,0.000000
cc-val-044812,0.166667
cc-val-058784,0.000000
cc-val-030361,0.000000
cc-val-048422,0.000000
cc-val-040040,0.000000
cc-val-078633,0.000000
cc-val-053459,0.000000
cc-val-042280,0.166667
cc-val-025408,0.000000
cc-val-012409,0.500000
cc-val-040422,0.000000
cc-val-014974,0.000000
cc-val-062516,0.000000
cc-val-023696,0.166667
cc-val-024061,0.696970
cc-val-092191,0.000000
cc-val-053208,0.000000
cc-val-093803,0.000000
cc-val-021496,0.000000
cc-val-012167,0.000000
cc-val-076295,0.000000
cc-val-000679,0.200000
cc-val-071518,0.000000
cc-val-084751,0.000000
cc-val-036118,0.000000
cc-val-044625,0.000000
cc-val-051587,0.000000
cc-val-033019,0.000000
cc-val-047712,0.000000
cc-val-017071,0.166667
cc-val-038650,0.000000
cc-val-092823,0.400000
cc-val-083096,0.200000
cc-val-017548,0.000000
cc-val-068295,0.000000
cc-val-094988,0.200000
cc-val-028384,0.000000
cc-val-067770,0.000000
cc-val-036917,0.000000
cc-val-015983,0.000000
cc-val-016246,0.500000
cc-val-050367,0.000000
cc-val-021358,0.000000
cc-val-068866,0.000000
cc-val-046376,0.000000
cc-val-094818,0.000000
cc-val-043709,0.700000
cc-val-031545,0.000000
cc-val-030224,0.000000
cc-val-021564,0.000000
cc-val-080826,0.000000
cc-val-093197,0.000000
cc-val-077848,0.628571
cc-val-060209,0.000000
cc-val-052426,0.000000
cc-val-016377,0.166667
cc-val-001290,0.400000
cc-val-061415,0.000000
cc-val-048106,0.000000
cc-val-009219,0.200000
cc-val-096776,0.000000
cc-val-057892,0.000000
cc-val-089984,0.000000
cc-val-052303,0.300000
cc-val-080041,0.000000
cc-val-054265,0.000000
cc-val-094662,0.000000
cc-val-081751,0.166667
cc-val-067436,0.200000
cc-val-055965,0.000000
cc-val-050263,0.166667
cc-val-054062,0.000000
cc-val-021589,0.971692
cc-val-056498,0.000000
cc-val-077267,0.000000
cc-val-061241,0.696970
cc-val-072184,0.000000
cc-val-000225,0.833333
cc-val-030888,0.000000
cc-val-082761,0.000000
cc-val-045617,0.500000
cc-val-080236,0.000000
cc-val-037481,0.000000
cc-val-041503,0.000000
cc-val-067670,0.300000
cc-val-052713,0.000000
cc-val-069840,0.703125
cc-val-067182,0.000000
cc-val-041097,0.300000
cc-val-071514,0.000000
cc-val-061941,0.000000
cc-val-056195,0.000000
cc-val-088776,0.000000
cc-val-070089,0.000000
cc-val-049500,0.000000
cc-val-051212,0.000000
cc-val-081292,0.300000
cc-val-019599,0.400000
cc-val-043526,0.166667
cc-val-082726,0.200000
cc-val-038597,0.000000
cc-val-057390,0.000000
cc-val-076678,0.700000
cc-val-072329,0.000000
cc-val-068876,0.500000
cc-val-081619,0.000000
cc-val-004197,0.000000
cc-val-073943,0.000000
cc-val-012124,0.000000
cc-val-074155,0.200000
cc-val-037724,0.166667
cc-val-051107,0.000000
cc-val-085758,0.400000
cc-val-093047,0.166667
cc-val-090553,0.300000
cc-val-092947,0.200000
cc-val-077262,0.000000
cc-val-063890,0.000000
cc-val-079158,0.000000
cc-val-029631,0.000000
cc-val-004726,0.500000
cc-val-097056,0.000000
cc-val-061010,0.000000
cc-val-074830,0.000000
cc-val-075304,0.000000
cc-val-091303,0.000000
cc-val-012857,0.000000
cc-val-035277,0.166667
cc-val-096277,0.200000
cc-val-021158,0.000000
cc-val-021377,0.400000
cc-val-073778,0.000000
cc-val-035529,0.166667
cc-val-074410,0.000000
cc-val-004069,0.000000
cc-val-012414,0.000000
cc-val-009064,0.000000
cc-val-082393,0.000000
cc-val-044015,0.000000
cc-val-011006,0.000000
cc-val-039513,0.000000
cc-val-012260,0.200000
cc-val-086705,0.000000
cc-val-095408,0.000000
cc-val-074209,0.300000
cc-val-082830,0.100000
cc-val-003469,0.600000
cc-val-012784,0.000000
cc-val-066430,0.000000
cc-val-017735,0.000000
cc-val-072744,0.000000
cc-val-043449,0.000000
cc-val-082498,0.000000
cc-val-047424,0.000000
cc-val-088329,0.166667
cc-val-072533,0.000000
cc-val-092265,0.000000
cc-val-027826,0.400000
cc-val-012852,0.000000
cc-val-024836,0.000000
cc-val-038012,0.000000
cc-val-092419,0.166667
cc-val-064728,0.000000
cc-val-067538,0.000000
cc-val-080757,0.000000
cc-val-061865,0.166667
cc-val-010383,0.300000
cc-val-064727,0.000000
cc-val-021167,0.000000
cc-val-037261,0.000000
cc-val-093789,0.000000
cc-val-041271,0.400000
cc-val-010915,0.000000
cc-val-042989,0.000000
cc-val-062098,0.000000
cc-val-001511,0.300000
cc-val-049175,0.000000
cc-val-056091,0.000000
cc-val-073278,0.000000
cc-val-027866,0.000000
cc-val-014976,0.000000
cc-val-015577,0.528571
cc-val-065758,0.600000
cc-val-081169,0.700000
cc-val-020133,0.200000
cc-val-092596,0.000000
cc-val-036224,0.000000
cc-val-074353,0.000000
cc-val-037358,0.000000
cc-val-023077,0.000000
cc-val-064117,0.000000
cc-val-012881,0.000000
cc-val-001730,0.000000
cc-val-081802,0.000000
cc-val-065022,0.000000
cc-val-037082,0.200000
cc-val-021987,0.000000
cc-val-055165,0.000000
cc-val-050525,0.000000
cc-val-048316,0.000000
cc-val-069077,0.000000
cc-val-021355,0.000000
cc-val-001423,0.200000
cc-val-078425,0.000000
cc-val-011513,0.000000
cc-val-014483,0.000000
cc-val-054873,0.000000
cc-val-053567,0.000000
cc-val-012746,0.000000
cc-val-059862,0.000000
cc-val-085528,0.166667
cc-val-064177,0.166667
cc-val-033798,0.000000
cc-val-083687,0.000000
cc-val-090096,0.000000
cc-val-062604,0.000000
cc-val-076068,0.500000
cc-val-047973,0.000000
cc-val-081690,0.000000
cc-val-030768,0.000000
cc-val-028334,0.000000
cc-val-089607,0.000000
cc-val-006795,0.000000
cc-val-020354,0.000000
cc-val-027686,0.000000
cc-val-040846,0.000000
cc-val-002106,0.600000
cc-val-058213,0.000000
cc-val-022958,0.000000
cc-val-064233,0.000000
cc-val-036903,0.000000
cc-val-076587,0.000000
cc-val-027198,0.300000
cc-val-078768,0.000000
cc-val-081358,0.000000
cc-val-030459,0.000000
cc-val-026170,0.166667
cc-val-022429,0.000000
cc-val-090647,0.000000
cc-val-014177,0.000000
cc-val-088050,0.200000
cc-val-077566,0.000000
cc-val-039690,0.000000
cc-val-095035,0.000000
cc-val-084391,0.000000
cc-val-022082,0.166667
cc-val-074970,0.000000
cc-val-078589,0.000000
cc-val-081388,0.000000
cc-val-057637,0.000000
cc-val-035637,0.166667
cc-val-084473,0.200000
cc-val-069921,0.300000
cc-val-084976,0.000000
cc-val-032902,0.166667
cc-val-015529,0.000000
cc-val-088142,0.166667
cc-val-005140,0.000000
cc-val-020169,0.000000
cc-val-074893,0.142857
cc-val-087069,0.000000
cc-val-012072,0.764706
cc-val-037290,0.000000
cc-val-023588,0.000000
cc-val-000117,0.000000
cc-val-068401,0.000000
cc-val-022361,0.000000
cc-val-021199,0.000000
cc-val-049457,0.000000
cc-val-061287,0.000000
cc-val-055265,0.200000
cc-val-062259,0.400000
cc-val-066076,0.000000
cc-val-015615,0.500000
cc-val-015187,0.000000
cc-val-020993,0.000000
cc-val-085378,0.000000
cc-val-029470,0.000000
cc-val-004633,0.000000
cc-val-017745,0.000000
cc-val-082904,0.000000
cc-val-085160,0.000000
cc-val-053581,0.000000
cc-val-012362,0.000000
cc-val-009130,0.000000
cc-val-001970,0.000000
cc-val-029846,0.000000
cc-val-077965,0.166667
cc-val-065855,0.000000
cc-val-046932,0.200000
cc-val-065831,0.000000
cc-val-075188,0.000000
cc-val-003383,0.000000
cc-val-046512,0.400000
cc-val-076024,0.000000
cc-val-083830,0.000000
cc-val-064799,0.000000
cc-val-080070,0.000000
cc-val-088687,0.000000
cc-val-055480,0.000000
cc-val-044885,0.000000
cc-val-014930,0.000000
cc-val-010804,0.000000
cc-val-039785,0.000000
cc-val-056186,0.000000
cc-val-029756,0.974359
cc-val-023432,0.000000
cc-val-070841,0.600000
cc-val-078820,0.200000
cc-val-053736,0.000000
cc-val-023502,0.000000
cc-val-013736,0.783333
cc-val-052940,0.000000
cc-val-041455,0.000000
cc-val-027348,0.166667
cc-val-058896,0.166667
cc-val-024855,0.000000
cc-val-043424,0.000000
cc-val-004117,0.000000
cc-val-004666,0.645161
cc-val-067370,0.166667
cc-val-003876,0.000000
cc-val-043861,0.000000
cc-val-040186,0.000000
cc-val-067749,0.000000
cc-val-002388,0.802817
cc-val-067891,0.183673
cc-val-010243,0.000000
cc-val-012306,0.400000
cc-val-094308,0.000000
cc-val-036872,0.200000
cc-val-053008,0.000000
cc-val-029725,0.000000
cc-val-061811,0.000000
cc-val-077846,0.200000
cc-val-030669,0.000000
cc-val-061483,0.166667
cc-val-040718,0.000000
cc-val-014453,0.400000
cc-val-012554,0.000000
cc-val-010397,0.000000
cc-val-068056,0.000000
cc-val-006235,0.400000
cc-val-064062,0.000000
cc-val-084578,0.500000
cc-val-080022,0.000000
cc-val-018212,0.166667
cc-val-027974,0.200000
cc-val-063405,0.000000
cc-val-068844,0.300000
cc-val-083694,0.300000
cc-val-096606,0.200000
cc-val-047195,0.000000
cc-val-073201,0.000000
cc-val-022556,0.000000
cc-val-054481,0.166667
cc-val-085131,0.000000
cc-val-031479,0.000000
cc-val-026814,0.000000
cc-val-069610,0.000000
cc-val-013777,0.166667
cc-val-006393,0.000000
cc-val-082063,0.000000
cc-val-040160,0.000000
cc-val-021856,0.200000
cc-val-082540,0.000000
cc-val-043011,0.000000
cc-val-031066,0.400000
cc-val-054198,0.000000
cc-val-066899,0.000000
cc-val-023522,0.000000
cc-val-002138,0.000000
cc-val-015284,0.200000
cc-val-060807,0.000000
cc-val-054850,0.000000
cc-val-068179,0.000000
cc-val-020237,0.000000
cc-val-061240,0.800000
cc-val-010103,0.000000
cc-val-020806,0.000000
cc-val-044219,0.100000
cc-val-050941,0.579710
cc-val-018418,0.000000
cc-val-005537,0.000000
cc-val-003390,0.200000
cc-val-051342,0.208333
cc-val-094913,0.200000
cc-val-026964,0.000000
cc-val-053453,0.000000
cc-val-009473,0.000000
cc-val-058303,0.000000
cc-val-031816,0.300000
cc-val-089645,0.000000
cc-val-067976,0.000000
cc-val-043909,0.166667
cc-val-015593,0.000000
cc-val-055831,0.000000
cc-val-040722,0.000000
cc-val-022899,0.000000
cc-val-069272,0.200000
cc-val-087775,0.000000
cc-val-015102,0.000000
cc-val-000505,0.000000
cc-val-064522,0.000000
cc-val-050737,0.000000
cc-val-019488,0.166667
cc-val-047324,0.000000
cc-val-004621,0.000000
cc-val-053905,0.166667
cc-val-000542,1.000000
cc-val-094057,0.000000
cc-val-087365,0.400000
cc-val-080290,0.000000
cc-val-062669,0.000000
cc-val-075955,0.000000
cc-val-032227,0.000000
cc-val-000395,0.200000
cc-val-023407,0.000000
cc-val-042735,0.700000
cc-val-046196,0.671429
cc-val-053737,0.200000
cc-val-032438,0.000000
